{
  "posts": [
    {
      "id": 12,
      "fullName": "Adam Simon",
      "address": "Block 2  Lot 8 Phase 1 Celina Plains Imus Subdivision",
      "phoneNumber": "09655007218"
    },
    {
      "id": 13,
      "fullName": "Weng Simon",
      "address": "Kawin Cavite",
      "phoneNumber": "09457888776"
    }
  ],
  "signupUser": [
    {
      "user": "asimon",
      "password": "admin",
      "id": 1
    },
    {
      "user": "asimon",
      "password": "admin",
      "id": 2
    },
    {
      "user": "weng",
      "password": "Password",
      "id": 3
    }
  ],
  "profile": {
    "name": "typicode"
  }
}